{"cameraMode":{"drawMode":0,"name":"Shaded","section":"Shading Mode"},"sceneLighting":true,"audioPlay":false,"sceneViewState":{"m_AlwaysRefresh":false,"showFog":true,"showSkybox":true,"showFlares":true,"showImageEffects":true,"showParticleSystems":true,"showVisualEffectGraphs":true,"m_FxEnabled":true},"in2DMode":false,"pivot":{"x":-18.772388458251954,"y":-11.435493469238282,"z":29.607479095458986},"rotation":{"x":-0.20818866789340974,"y":0.3028128147125244,"z":-0.06791165471076966,"w":-0.9273934960365295},"size":16.700546264648439,"orthographic":false}